Date,Equal_Weighted_Return,Equal_Weighted_Cumulative_Return
2019-01-03,-0.03670960057971456,-0.03670960057971451
2019-01-04,0.04448901494562669,0.006146240397073344
2019-01-07,0.014725034373285473,0.020961778371472173
2019-01-08,0.007918584849669808,0.029046350841776647
2019-01-09,0.007566749031331155,0.03683288632020343
2019-01-10,0.0029476014198744904,0.03988905640809359
2019-01-11,-0.0009580158221297098,0.038892826238795086
2019-01-14,-0.005327002383747748,0.033358641676962675
2019-01-15,0.021231629914358674,0.05529852992585238
2019-01-16,0.003788761801851526,0.059296804685585514
2019-01-17,0.006000142320725876,0.06565273627358925
2019-01-18,-0.0003086812248294093,0.06532378928171356
2019-01-22,-0.02145743678300154,0.042464671419773614
2019-01-23,-0.003833453176643275,0.03846843191358107
2019-01-24,0.007616524215488496,0.04637795187227112
2019-01-25,0.014130920109049263,0.06116423511404889
2019-01-28,-0.022550374762153748,0.037234583928032805
2019-01-29,-0.012300097491358375,0.024476497424309462
2019-01-30,0.032565171804252335,0.05783875057235077
2019-01-31,0.019633408038896294,0.07860773040169389
2019-02-01,-0.0023533113077934924,0.07606943063306604
2019-02-04,0.012340380490775396,0.08934853684157007
2019-02-05,0.009815243073284541,0.10004075752219688
2019-02-06,-0.0036390949955396267,0.09603760470660827
2019-02-07,-0.017087129569683324,0.07730946814174122
2019-02-08,-0.004391112711154433,0.07257888084233688
2019-02-11,-0.002728993850398831,0.06965181967245049
2019-02-12,0.01605881807197043,0.08682916364492255
2019-02-13,0.0008190845801890781,0.08771936865416374
2019-02-14,-0.001024157603577791,0.0866053725921978
2019-02-15,0.00867593575628547,0.09603269099724243
2019-02-19,0.0008397167389883276,0.09695304799435123
2019-02-20,0.00017497713701333242,0.09714498969812735
2019-02-21,-0.009394845218117932,0.08683748233807975
2019-02-22,0.009547458913443208,0.09721401854629264
2019-02-25,0.0044042343106573964,0.1020464061729085
2019-02-26,-0.0014015747877640593,0.10050180571507061
2019-02-27,0.00029380300587856763,0.10082513645356439
2019-02-28,-0.005156592412039929,0.09514862990794515
2019-03-01,0.0024001815203798403,0.09777718541151947
2019-03-04,-0.001657534411612027,0.09595758195041726
2019-03-05,0.001599401892426566,0.09771045858100802
2019-03-06,-0.007002850411818551,0.09002335644407644
2019-03-07,-0.010432451148064337,0.07865174102772454
2019-03-08,0.003121432451536555,0.0820186795760749
2019-03-11,0.026742117324379765,0.11095415005246889
2019-03-12,0.002769690502877153,0.1140311492110011
2019-03-13,0.012814191393139109,0.1283065575749096
2019-03-14,-0.001960415370210045,0.12609460805713102
2019-03-15,-0.001040439673873339,0.12492297455037349
2019-03-18,0.0012558954070377771,0.12633576014738268
2019-03-19,0.005726230956098777,0.13278541884409978
2019-03-20,0.004551916759070152,0.13794176377656653
2019-03-21,0.01361155239728893,0.15343091771927453
2019-03-22,-0.02459999160084162,0.12505652683122936
2019-03-25,-0.005084398009198954,0.11933629166597237
2019-03-26,0.0054177382792922274,0.12540056274073197
2019-03-27,-0.002522596562424706,0.12256163114981145
2019-03-28,0.003678455036509454,0.12669092363570678
2019-03-29,0.007427094354788744,0.13505896343423318
2019-04-01,0.01522453335138193,0.15233970647882256
2019-04-02,0.004235482301716042,0.15722042091117827
2019-04-03,0.007108921997341178,0.16544701061716616
2019-04-04,-0.003700408115687803,0.16113438104067423
2019-04-05,0.006271150708548068,0.16841602973705694
2019-04-08,0.0023093220192574536,0.17111427860218198
2019-04-09,-0.004203832942777919,0.16619110981803642
2019-04-10,0.004162867266028402,0.17104580861503127
2019-04-11,-0.006854917865176446,0.163018385780616
2019-04-12,-0.0004158727555093828,0.16253471811981335
2019-04-15,-0.0006565779973036869,0.16177142340279427
2019-04-16,0.003012010615454486,0.16527069126281524
2019-04-17,0.0035195584221051628,0.16937192953828162
2019-04-18,0.002713866038019419,0.1725454483036688
2019-04-22,0.006824316323200297,0.18054726934622178
2019-04-23,0.011198766662817118,0.19376794275005604
2019-04-24,-0.007057193130024076,0.18534329182563747
2019-04-25,0.0031723904367931604,0.18910366354894204
2019-04-26,-0.0059006911456868875,0.182087130090135
2019-04-29,0.006995736892832227,0.19035670063664867
2019-04-30,-0.01184810484989396,0.1762532296387318
2019-05-01,-0.005789124729497542,0.16944375297887881
2019-05-02,0.0011416462280380187,0.17077884402836974
2019-05-03,0.015131887950618594,0.18849493831116182
2019-05-06,-0.0024626726854947273,0.18556806428973416
2019-05-07,-0.01978023996327464,0.16211724348528822
2019-05-08,-0.0013050884325734981,0.16060057771352132
2019-05-09,-0.00670265730907268,0.15282146976839583
2019-05-10,-0.0006595422617937112,0.1520611352887804
2019-05-13,-0.03424377236074746,0.11261021602628718
2019-05-14,0.006405395521310153,0.11973692452098583
2019-05-15,0.009978708440108197,0.13091045282040414
2019-05-16,0.005764369953802672,0.13742943905508342
2019-05-17,-0.014485557473851118,0.12095313954320064
2019-05-20,-0.01188450844027118,0.10763116249515092
2019-05-21,0.008834570604583248,0.11741660820405087
2019-05-22,-0.010757322553721948,0.10539619732271399
2019-05-23,-0.01578422954965597,0.08794837000085542
2019-05-24,-0.0024851054996776864,0.0852447035232009
2019-05-28,-0.00548824867204073,0.07928861072025062
2019-05-29,-0.007481769986110265,0.07121362158621314
2019-05-30,-0.0009339440587608385,0.07021316798866906
2019-05-31,-0.01771243853403489,0.05125708303235488
2019-06-03,-0.027096083187877228,0.02277213365866504
2019-06-04,0.03446585018199007,0.058022844787658956
2019-06-05,0.004468096433793656,0.06275019288732708
2019-06-06,0.012535382327915958,0.07607217287423618
2019-06-07,0.015049329955486792,0.09226633805973816
2019-06-10,0.015713631083947965,0.1094298083414238
2019-06-11,0.005508547264820007,0.1155411548776728
2019-06-12,-0.012670193611553695,0.1014070324637164
2019-06-13,0.008854403290879286,0.11115933451656068
2019-06-14,-0.0004632302869514215,0.11064461185918395
2019-06-17,0.01237495744380236,0.1243887916661297
2019-06-18,0.013059715406807027,0.13907298929189293
2019-06-19,0.001358090361100406,0.14061995333924004
2019-06-20,0.0027334649186559258,0.14373779796721187
2019-06-21,0.0033120916531118373,0.14752596238120752
2019-06-24,-0.0006961095066731256,0.1467271586496397
2019-06-25,-0.01610753020732686,0.12825621630212858
2019-06-26,0.006608655009080267,0.1357124723975196
2019-06-27,0.005726279054282768,0.14221587893989707
2019-06-28,0.004540920033039131,0.1474025899066307
2019-07-01,0.010084973494128636,0.15897411461293354
2019-07-02,9.314569683557252e-05,0.15908206806445357
2019-07-03,0.010007178854440635,0.17068120962654953
2019-07-05,-0.0011216180252649705,0.16936815247999326
2019-07-08,-0.0061890685505103125,0.16213085282351103
2019-07-09,0.004081240902122085,0.1668737887936722
2019-07-10,0.014039639601607222,0.18325627624889718
2019-07-11,0.008711490728811333,0.1935642023292472
2019-07-12,0.010004613842556043,0.2055053512698497
2019-07-15,0.002751698622479993,0.2088225386843312
2019-07-16,-0.003447998230741456,0.20465452070966728
2019-07-17,-0.0018913058773929459,0.20237615053442104
2019-07-18,-0.002686397378189842,0.19914609039602738
2019-07-19,-0.0060887241706090835,0.19184482061134167
2019-07-22,0.008331135644068823,0.2017742414785355
2019-07-23,0.009041539893379726,0.2126401312256998
2019-07-24,0.004061324827719415,0.21756505669773585
2019-07-25,-0.023844762801001153,0.18853250672599087
2019-07-26,0.011370432368505401,0.2020466352114889
2019-07-29,0.0009458214564830648,0.20318355671076516
2019-07-30,0.0011469307352624082,0.20456352491211915
2019-07-31,-0.012148662871429829,0.18992968874074068
2019-08-01,-0.013324198440423785,0.1740748294378074
2019-08-02,-0.010605854913626988,0.1616227621390487
2019-08-05,-0.03521998931299889,0.12071042087077521
2019-08-06,0.01316399460090241,0.1354634468002931
2019-08-07,0.0011537578047545293,0.13677349661405236
2019-08-08,0.022122740419882866,0.16192204159584778
2019-08-09,-0.011490385337135246,0.14857110960620057
2019-08-12,-0.014303822456429416,0.1321421523758095
2019-08-13,0.022971962526169846,0.1581496794744841
2019-08-14,-0.03767778825529319,0.11451316108330878
2019-08-15,-0.0003939064843516694,0.11407414712226283
2019-08-16,0.020365357963771882,0.1367626659265917
2019-08-19,0.02034773202873221,0.15989320803313323
2019-08-20,-0.010179253338351459,0.14808636122313068
2019-08-21,0.005100125346390006,0.15394174557384943
2019-08-22,-0.0041983768412575785,0.14909706327307193
2019-08-23,-0.03296181117861387,0.11122074284756533
2019-08-26,0.012611715968318449,0.12523514323446272
2019-08-27,-0.009012873539788635,0.1150935411859646
2019-08-28,0.005339736653330873,0.12104784703972804
2019-08-29,0.01991525790205886,0.14337380403407218
2019-08-30,0.003049034751220426,0.14685999049620713
2019-09-03,-0.010313422314345701,0.1350319390787933
2019-09-04,0.00861588897725476,0.14481124825153424
2019-09-05,0.025970825119461336,0.17454294097466705
2019-09-06,-0.003988237359436442,0.16985858493720962
2019-09-09,0.006707665602083979,0.17770560512669542
2019-09-10,0.0041674288871738525,0.18261360948608685
2019-09-11,0.012143091175606358,0.19697419437158947
2019-09-12,0.001017377480746707,0.198191968961978
2019-09-13,0.001292956078164975,0.1997411785510559
2019-09-16,-0.004067324888899848,0.19486144139529715
2019-09-17,0.002034973408546248,0.1972929526554339
2019-09-18,0.0003090841606568696,0.19766301694276578
2019-09-19,0.0023778582325589383,0.20051088980743437
2019-09-20,-0.010505366271173123,0.18789908319747517
2019-09-23,-0.0017153866482960136,0.18586137697063498
2019-09-24,-0.021593619039394652,0.16025433816279921
2019-09-25,0.012990993696887932,0.17532719495665905
2019-09-26,-0.0025671613550362848,0.172309940402243
2019-09-27,-0.007715020700133824,0.16326554494506706
2019-09-30,0.0046035645199388195,0.16862071293504366
2019-10-01,-0.006336643389757579,0.16121558021929006
2019-10-02,-0.01458271737950485,0.1442819015962744
2019-10-03,0.007505390400265078,0.15287018399571228
2019-10-04,0.012804594061837227,0.167632218707773
2019-10-07,0.0013200699782967673,0.1691735749453811
2019-10-08,-0.013922408432887268,0.15289586290605262
2019-10-09,0.01280369422715324,0.16765718901045168
2019-10-10,0.007274159797410718,0.17615091399190907
2019-10-11,0.011503017162895424,0.1896801981417131
2019-10-14,0.003538455565810117,0.19388982866036186
2019-10-15,0.025225243797614108,0.22400599065581117
2019-10-16,-0.0032408467612830335,0.2200391748052033
2019-10-17,0.005814974208670865,0.22713367114026362
2019-10-18,-0.00967291414617747,0.21526371249344023
2019-10-21,0.01129940626060154,0.22899547089467043
2019-10-22,-0.0025819132626649253,0.2258223111886124
2019-10-23,0.005119802869980794,0.23209827977552244
2019-10-24,0.019659823409079236,0.25632111437853955
2019-10-25,0.016516044066862027,0.2770705692657449
2019-10-28,0.008456014666078716,0.2878694967290736
2019-10-29,-0.009920369571987398,0.27509335536103174
2019-10-30,0.0007034146529195431,0.275990274711033
2019-10-31,0.00017794973939981823,0.2762173368478946
2019-11-01,0.011396078981515779,0.29076121041619296
2019-11-04,0.012528637979966728,0.3069326903400811
2019-11-05,0.0008861582157848269,0.3080908394811037
2019-11-06,-0.001962900423324976,0.3055231874185387
2019-11-07,0.009639613801208126,0.31810792675377564
2019-11-08,0.0005006550567641101,0.3187678441526658
2019-11-11,-0.000896216237079794,0.3175859429977974
2019-11-12,0.003986655139289364,0.3228387037689049
2019-11-13,-0.004610279968356746,0.3167400469915522
2019-11-14,0.0029517825842171773,0.32062677733020317
2019-11-15,0.009662032134127542,0.33338671568995704
2019-11-18,0.00617861159279598,0.34162519430919924
2019-11-19,0.0002942327097912313,0.3420199443256451
2019-11-20,-0.003906973032812611,0.33677670859366815
2019-11-21,0.002187644297156688,0.3397011005367949
2019-11-22,-0.0048945266433953255,0.3331438978060315
2019-11-25,0.013736110462075903,0.35145610964813767
2019-11-26,-0.0034646784823179843,0.34677374874524247
2019-11-27,0.005535635079462742,0.354228996752896
2019-11-29,-0.00503886891928409,0.3474052143515647
2019-12-02,-0.007392394106660516,0.3374446639857085
2019-12-03,-0.006005523168830884,0.3294126090691132
2019-12-04,0.006419830009761341,0.33794721203217026
2019-12-05,0.0013382890500125977,0.3397377721355279
2019-12-06,0.011719008711363776,0.35543817075812734
2019-12-09,-0.0014760763692491352,0.3534374405042928
2019-12-10,0.0031170687557026903,0.35765619806288695
2019-12-11,0.005214756052815494,0.36473604393937786
2019-12-12,0.010572376164453622,0.37916454676109335
2019-12-13,-0.0014158509057117798,0.37721185538843605
2019-12-16,0.016578353328128806,0.4000437601347533
2019-12-17,0.0010363097656810208,0.40149463915576167
2019-12-18,0.00631423423885028,0.410344004591884
2019-12-19,0.008286489448097933,0.4220308053041226
2019-12-20,0.0023615347598791693,0.42538898048046714
2019-12-23,0.006350350419200657,0.4344406999901853
2019-12-24,-4.751109363845265e-05,0.43437254814376924
2019-12-26,0.013066037564202727,0.4531141137388768
2019-12-27,-0.0014875175214142057,0.450952581034076
2019-12-30,-0.01160254931794812,0.43411783215462396
2019-12-31,0.004428384900263805,0.4404686579077366
2020-01-02,0.018367126958774384,0.46692592862766347
2020-01-03,-0.006256312357132177,0.4577483818133925
2020-01-06,0.010819866522672306,0.4735210247282551
2020-01-07,0.0008189182330536331,0.47472771796219293
2020-01-08,0.010634684422980413,0.49041098185254284
2020-01-09,0.005800955587788437,0.4990567897658216
2020-01-10,-0.0023459109793669717,0.49554013598401525
2020-01-13,0.01785619082390702,0.5222447860369577
2020-01-14,-0.0033845577263962984,0.5170926606849098
2020-01-15,-0.0017467454923554278,0.5144426859183728
2020-01-16,0.006841559504142503,0.5248038356696967
2020-01-17,0.002272131395428578,0.5282683903365917
2020-01-21,0.005223820232675513,0.5362517896749905
2020-01-22,0.003978993934558273,0.5423645262280616
2020-01-23,0.0007545739387375906,0.5435283543035867
2020-01-24,-0.012197124019893747,0.5247017475379234
2020-01-27,-0.02166882229847359,0.49166325631235197
2020-01-28,0.015952385431806028,0.5154588435115095
2020-01-29,0.006316584071319741,0.525031366703175
2020-01-30,0.009077792568832633,0.5388752851110696
2020-01-31,-0.01569107291143045,0.5147286808107936
2020-02-03,0.02719072918260933,0.5559152581558509
2020-02-04,0.028347609275182185,0.6000217359593472
2020-02-05,-0.0037098590576132504,0.5940858808298204
2020-02-06,0.007058653972679574,0.6053379814653321
2020-02-07,-0.00214115860272539,0.601900698236036
2020-02-10,0.014287704550505608,0.6247881821316812
2020-02-11,-9.419502206431049e-06,0.6247728774358146
2020-02-12,0.011646236526254839,0.6436953666678757
2020-02-13,0.0021366234776815096,0.6472073247784549
2020-02-14,0.005691240485506243,0.6565819777932564
2020-02-18,0.010061009466295413,0.6732488647535289
2020-02-19,0.018808318201388986,0.7047198618319261
2020-02-20,-0.010903444527801877,0.6861325433829997
2020-02-21,-0.019574611340868377,0.6531271541770876
2020-02-24,-0.05172925751820706,0.5676121139083201
2020-02-25,-0.03283983852296429,0.5161319852209283
2020-02-26,0.001156248179792574,0.5178850100691654
2020-02-27,-0.059618225251747065,0.4273913996326115
2020-02-28,0.010237001077863697,0.44200360692918395
2020-03-02,0.055466434843262795,0.5219864060366715
2020-03-03,-0.035532424277502375,0.4679065393127855
2020-03-04,0.041160767724087326,0.5283266994181077
2020-03-05,-0.03546806824040132,0.47411990374951896
2020-03-06,-0.024232455672439115,0.43839835852604847
2020-03-09,-0.08330236992183987,0.3185763663691443
2020-03-10,0.055500527741912255,0.39175805057064483
2020-03-11,-0.037365911845429825,0.3397537419428549
2020-03-12,-0.09813355792098181,0.20827894050805362
2020-03-13,0.0906429562840283,0.3178009156914372
2020-03-16,-0.1376548008921857,0.13639929302639242
2020-03-17,0.054838326132618596,0.19871752807425103
2020-03-18,-0.06383906671219887,0.12219251983043677
2020-03-19,0.040027955975890914,0.16711159261068365
2020-03-20,-0.03453101953083756,0.1268100394115772
2020-03-23,-0.012472273970801896,0.11275615588698606
2020-03-24,0.10779413593998799,0.23270474422272613
2020-03-25,0.011208324694062743,0.2465212992478858
2020-03-26,0.04799598119508834,0.30634931208586447
2020-03-27,-0.04099104819217621,0.2528006844783366
2020-03-30,0.03277930872806726,0.2938666248895858
2020-03-31,-0.00023260003013380107,0.2935656714736474
2020-04-01,-0.04861532386255039,0.23067855741747856
2020-04-02,0.016965927527310853,0.25155816063203895
2020-04-03,-0.01706976419511307,0.23019435795358056
2020-04-06,0.07204163093938809,0.31881956587299
2020-04-07,0.005662142675172366,0.3262869104177717
2020-04-08,0.03244268801891453,0.3693152228760255
2020-04-09,0.010054051301309107,0.3830823883744847
2020-04-13,0.019138163026193256,0.40955204460185235
2020-04-14,0.0351593260800884,0.45911094456486423
2020-04-15,-0.005874923669518684,0.45053877914018625
2020-04-16,0.013647997212656783,0.47033572835474224
2020-04-17,0.018662778772644897,0.49777627877454256
2020-04-20,-0.019292938730927967,0.4688797727955081
2020-04-21,-0.038375114767676785,0.4125113429345615
2020-04-22,0.03533098576048137,0.46241676107830076
2020-04-23,0.004325358138441682,0.46874223731762443
2020-04-24,0.017198176303895994,0.49400192525999165
2020-04-27,0.015012938984471369,0.5164312850066026
2020-04-28,-0.0166169521389718,0.4912328189216084
2020-04-29,0.03986948742683755,0.5506875070460908
2020-04-30,0.006181758840789054,0.5602734832520742
2020-05-01,-0.04123240496544655,0.4959396551337767
2020-05-04,0.022527020996445758,0.529638719154391
2020-05-05,0.00892167633348535,0.5432856607138536
2020-05-06,0.0019080706707160448,0.5462303588195982
2020-05-07,0.00777861720875308,0.5582578928974089
2020-05-08,0.019362717706618682,0.5884300005916918
2020-05-11,0.004642726807017927,0.5958046471365104
2020-05-12,-0.017812233474530873,0.5673798021819736
2020-05-13,-0.02093674790298594,0.5345639663954576
2020-05-14,0.01775397330220978,0.5618085740853758
2020-05-15,0.00767734793207634,0.5737991219119294
2020-05-18,0.024913252157791964,0.6130075762818328
2020-05-19,-0.005950905537242136,0.6034087205645238
2020-05-20,0.02257144126361428,0.6395999663223126
2020-05-21,-0.007675188815198442,0.6270157269993959
2020-05-22,0.00420157792930741,0.6338517603685927
2020-05-26,0.005638439210835722,0.643064134198948
2020-05-27,0.0061798627225503,0.6532180449926435
2020-05-28,-0.008542124273163055,0.6390960510016808
2020-05-29,0.010445159795429117,0.6562166711744502
2020-06-01,0.015536418960901388,0.6819483472678458
2020-06-02,0.0035824342321649997,0.6879738166038316
2020-06-03,0.008414900341021558,0.7021779480488068
2020-06-04,-0.008987649216550264,0.6868793697475968
2020-06-05,0.031335078364729776,0.7397378669904835
2020-06-08,0.014024069630864245,0.7641360719766093
2020-06-09,0.007268092566739893,0.7769579762480601
2020-06-10,0.010111209648955266,0.7949251708832876
2020-06-11,-0.05859008007681674,0.6897603613893417
2020-06-12,0.006850534814201581,0.7013361235726974
2020-06-15,0.015593249387942477,0.7278654820402817
2020-06-16,0.0132857531610025,0.7508214763300853
2020-06-17,-0.0015323944126484522,0.7481385272822123
2020-06-18,0.0012373880377194446,0.7503016529841477
2020-06-19,-0.002461244060388568,0.745993733436852
2020-06-22,0.011424614314062543,0.7659410384361383
2020-06-23,0.01029934942203702,0.7841290822497067
2020-06-24,-0.0276313499783054,0.7348311871715922
2020-06-25,0.01742205295135704,0.7650555079761614
2020-06-26,-0.039339868245614744,0.6956184568461825
2020-06-29,0.016279563632295057,0.7232223854105038
2020-06-30,0.024775459513028397,0.7659160118521862
2020-07-01,0.012905997005883074,0.7887069186137916
2020-07-02,0.01152744189947067,0.8093261336932933
2020-07-06,0.03615242021585992,0.8747376523861103
2020-07-07,-0.009525312703442902,0.8568801900102141
2020-07-08,0.012443828768149612,0.8799868891376703
2020-07-09,0.002047307050855673,0.8838357995513182
2020-07-10,0.021101893849612686,0.9235883026235501
2020-07-13,-0.013553983344460653,0.8975160188081912
2020-07-14,0.013872121852118413,0.9238385922374452
2020-07-15,-7.075699383333179e-05,0.923702467202038
2020-07-16,-0.006697340602290446,0.9108187765617195
2020-07-17,-0.0044885256096352305,0.9022420175477504
2020-07-20,0.027115640032813672,0.9538225273508683
2020-07-21,-0.005066155273859109,0.9439241590497449
2020-07-22,0.000357997066663429,0.9446200781965008
2020-07-23,-0.027319421793111635,0.891494182052897
2020-07-24,-0.009241716477305872,0.8740135291038906
2020-07-27,0.018012106215844915,0.9077684598400404
2020-07-28,-0.013846819843774096,0.8813519336730009
2020-07-29,0.016488432578885437,0.9123724781885238
2020-07-30,-0.004172645926777385,0.9043928249569293
2020-07-31,0.015107148944618523,0.9331627710126167
2020-08-03,0.013089147567125594,0.9584662237936741
2020-08-04,0.0032677699342112732,0.9648660408369552
2020-08-05,0.008037517237794767,0.9806586855101396
2020-08-06,0.014748306485557507,1.0098700468473245
2020-08-07,-0.006079308188200706,0.9976514274143062
2020-08-10,-0.0015507733154377038,0.9945535228871261
2020-08-11,-0.014011103767066114,0.9666076265089871
2020-08-12,0.031922380581090634,1.0293864236160823
2020-08-13,0.003712326628030527,1.036920168875036
2020-08-14,0.0028290359061094008,1.042682689170662
2020-08-17,0.015202289347065313,1.073736142455676
2020-08-18,0.007699643939155477,1.0897031723763426
2020-08-19,-0.0054435408664522235,1.0783277877587572
2020-08-20,0.0133760950493955,1.1061276977916181
2020-08-21,0.009586610878995927,1.1263183244918218
2020-08-24,0.007074378022724182,1.1413607041159226
2020-08-25,0.005489202768075864,1.153115067220405
2020-08-26,0.018954334114583946,1.1939259295916451
2020-08-27,0.0019564463033090677,1.1982182278663287
2020-08-28,0.00838790241985432,1.2166566678592163
2020-08-31,0.011960198598317285,1.2431683218310967
2020-09-01,0.005944719765352058,1.256503328890898
2020-09-02,0.008177051083266596,1.2749548718808001
2020-09-03,-0.047780641521130804,1.1662560686707137
2020-09-04,-0.008853488650394014,1.1470771451528905
2020-09-08,-0.05825585525243369,1.021997329769055
2020-09-09,0.03406899347782675,1.09088474360914
2020-09-10,-0.020055128870822128,1.0489517806220228
2020-09-11,-0.0055154006151127205,1.0376509907108438
2020-09-14,0.02410925440082316,1.0867772368259812
2020-09-15,0.01110219926724472,1.1099450535355735
2020-09-16,-0.012986367049015426,1.082544532617106
2020-09-17,-0.01608083988580835,1.0490554674330248
2020-09-18,-0.008128442410514535,1.0323998380700452
2020-09-21,-0.0025574790159249355,1.0272020181322117
2020-09-22,0.004562863872146006,1.0364518649822885
2020-09-23,-0.03727840409374529,0.9605361894420175
2020-09-24,0.00783930793825195,0.9759054363551405
2020-09-25,0.026251633903434435,1.0277761824981413
2020-09-28,0.01757162173439386,1.063407498539012
2020-09-29,-0.002775167031037617,1.057681198077471
2020-09-30,0.011416744101155674,1.081173217757681
2020-10-01,0.01022322763479061,1.1024495253102473
2020-10-02,-0.025134927411174512,1.049604609105916
2020-10-05,0.024557351850381638,1.099937470645894
2020-10-06,-0.017791938773007023,1.0625755117410192
2020-10-07,0.016277074390386528,1.0961482067814177
2020-10-08,0.010273635407087856,1.1176832692171108
2020-10-09,0.010305766971362275,1.139507619508815
2020-10-12,0.028391448980702887,1.2002513409319246
2020-10-13,-0.002898069941031256,1.1938748586580563
2020-10-14,-0.006381670129377815,1.1798742730049652
2020-10-15,-0.004431165644046408,1.170214889018085
2020-10-16,-0.0056515842947394545,1.1579497366351008
2020-10-19,-0.020826276732987207,1.1130076782440614
2020-10-20,0.005753461544856787,1.125164786664826
2020-10-21,0.0014443782637554741,1.128234328489583
2020-10-22,0.009004180517145223,1.1473973345660888
2020-10-23,0.005823086650807641,1.1599018153189804
2020-10-26,-0.018946132787662995,1.1189800287176328
2020-10-27,0.007205684852322614,1.1342487310129372
2020-10-28,-0.04503027213388194,1.0381429298540321
2020-10-29,0.02221626659924264,1.083422856551031
2020-10-30,-0.02364703362807167,1.0341560862006758
2020-11-02,0.010969505551946857,1.0564697726817802
2020-11-03,0.021582266112575688,1.1008530505682663
2020-11-04,0.04164411838907388,1.1883412237241782
2020-11-05,0.023305922184017624,1.2393425339963722
2020-11-06,-0.004314284485298037,1.2296813732446839
2020-11-09,0.004179150185460556,1.2389995465691976
2020-11-10,-0.01671269929845157,1.2015798204180173
2020-11-11,0.014704861663616554,1.2339537471186737
2020-11-12,-0.007252766528298338,1.217751402155805
2020-11-13,0.004919085511640265,1.2286607109465697
2020-11-16,0.01255390184490356,1.2566390987573857
2020-11-17,0.0025234479580589888,1.2623336100832208
2020-11-18,-0.0021422732741399816,1.257487073253151
2020-11-19,0.004191347022225622,1.2669489849753433
2020-11-20,-0.012392300616302266,1.2388562716717075
2020-11-23,0.012404348687498935,1.2666278255267174
2020-11-24,0.02544745085540744,1.3243077257243074
2020-11-25,0.003251202709230973,1.331864521299269
2020-11-27,0.005035685344503105,1.3436070572945424
2020-11-30,-0.011808218439428364,1.3159332332258225
2020-12-01,0.01844634353744078,1.3586537332556818
2020-12-02,0.00733464642485634,1.3759536244277797
2020-12-03,0.00028690069255131716,1.3766352871680976
2020-12-04,0.005515682070348027,1.3897440518092874
2020-12-07,0.0074442744541135765,1.4075339624060415
2020-12-08,0.003598611156376475,1.4161977409825108
2020-12-09,-0.020692231507048856,1.3662012179592922
2020-12-10,0.004503775477857309,1.3768580569804136
2020-12-11,-0.004009148486317327,1.3673288800990795
2020-12-14,0.0024138507704468126,1.3730432587402075
2020-12-15,0.010297188431223125,1.3974789323308991
2020-12-16,0.0037581542371185267,1.4064890279388411
2020-12-17,0.004648708258090506,1.4176760933560248
2020-12-18,-0.0008875126474580997,1.415530375245714
2020-12-21,-0.0024043324537741276,1.4097226371714333
2020-12-22,-0.0048550808341638494,1.3980232389800515
2020-12-23,0.0018878240331232424,1.4025502848825862
2020-12-24,0.0036636785108348775,1.4113524567325104
2020-12-28,0.016038779956665195,1.450027608184007
2020-12-29,-0.001828520465222938,1.4455476825620814
2020-12-30,0.00024700624753571943,1.4461517481183206
2020-12-31,0.0030789668997208584,1.453683368382471
2021-01-04,-0.006552726277197841,1.4376050528985478
2021-01-05,0.010865826091384756,1.4640916454828243
2021-01-06,-0.003874674875733065,1.454544091492568
2021-01-07,0.03146419572595387,1.5317743472052738
2021-01-08,0.011120001803702075,1.5599276825127633
2021-01-11,-0.013190579238271383,1.5261607535723343
2021-01-12,0.002150009917490936,1.531592024245691
2021-01-13,0.006008960517738094,1.5468042607664039
2021-01-14,-0.007913671541900237,1.5266496883651866
2021-01-15,-0.011344958760769398,1.4979849518477728
2021-01-19,0.015341657291280876,1.536308180897798
2021-01-20,0.022149078326502716,1.5924850694566532
2021-01-21,0.008107447755153763,1.6135035067132892
2021-01-22,-0.0025654428822919017,1.6067987127441468
2021-01-25,0.007087992405393184,1.6252756822224663
2021-01-26,-0.0007548805351861088,1.623293912710459
2021-01-27,-0.024420143612760473,1.5592326986235894
2021-01-28,0.0010882718480629723,1.5620178395221433
2021-01-29,-0.022132632234239256,1.5053136409024397
2021-02-01,0.023028862804377614,1.5630081650207175
2021-02-02,0.01741143166821906,1.6076338065510631
2021-02-03,0.008360143304920109,1.6294339988605842
2021-02-04,0.004533625052917779,1.6413548667128124
2021-02-05,0.004145229615676361,1.652303889131821
2021-02-08,0.01194451106563419,1.6839843622849804
2021-02-09,-0.0027945510804126663,1.6764838308855459
2021-02-10,0.0004558440449855764,1.677703890101355
2021-02-11,0.0005791010419957886,1.6792545512142687
2021-02-12,0.001188157835621373,1.6824379285029183
2021-02-16,0.003967501555478859,1.693080505156729
2021-02-17,0.0001475611274628025,1.693477899152418
2021-02-18,-0.0051965969343168,1.6794809801590325
2021-02-19,-0.0060397635688382535,1.663297548551673
2021-02-22,-0.016719538121869486,1.618768443658782
2021-02-23,0.0012766433083034937,1.6221116768683754
2021-02-24,0.013895169250498874,1.6585463624121712
2021-02-25,-0.036282347375796296,1.5620880597764732
2021-02-26,0.002266444533911827,1.567894890254954
2021-03-01,0.028270163058930223,1.640489697520655
2021-03-02,-0.016019463161408388,1.5981904700831446
2021-03-03,-0.019115867762801997,1.548523804634463
2021-03-04,-0.006501238058966263,1.5319552446815918
2021-03-05,0.014624879817458369,1.5689847858382437
2021-03-08,-0.025968353749006547,1.5022724801437803
2021-03-09,0.042294881519371455,1.6081057982206457
2021-03-10,0.0011437178215968347,1.6110887353026806
2021-03-11,0.02072512738145732,1.665203881946117
2021-03-12,-0.0049753045167667325,1.6519436810341661
2021-03-15,0.005009890643780223,1.6652296288696116
2021-03-16,-0.00044928446173461136,1.6640321826104056
2021-03-17,0.0069513814225339865,1.6825508864336363
2021-03-18,-0.025742907834067276,1.6134942262039798
2021-03-19,0.0053948580587940605,1.627593656591828
2021-03-22,0.009412717222239408,1.6523264526562769
2021-03-23,-0.0034597656353811063,1.6431500247415647
2021-03-24,-0.012565802279691306,1.609936724135101
2021-03-25,-0.0015561247685637386,1.6058753369542904
2021-03-26,0.008521224460133215,1.6280805856156029
2021-03-29,0.002440644184035557,1.6344947952120625
2021-03-30,-0.002389196237150326,1.6282004701605497
2021-03-31,0.013301320529470728,1.663159007029861
2021-04-01,0.015282588228693519,1.7038589695218347
2021-04-05,0.020355884589645788,1.7588984106521002
2021-04-06,-0.0049988389195611445,1.745107121901817
2021-04-07,0.008871251217963783,1.76945965680043
2021-04-08,0.006371559883247002,1.7871054348479705
2021-04-09,0.009212741174737549,1.8127823158459293
2021-04-12,0.0058977859491976415,1.8293715038664766
2021-04-13,0.014316214729517662,1.8698773938654076
2021-04-14,-0.012865095630426551,1.8329561467457296
2021-04-15,0.018772827903765023,1.886138744947501
2021-04-16,-0.0006443626395891247,1.884279024967586
2021-04-19,-0.009948561870569252,1.855584596635711
2021-04-20,-0.006144142963558186,1.8380394766294468
2021-04-21,0.009044598584275266,1.863708404461887
2021-04-22,-0.017412117056269626,1.8138451785083736
2021-04-23,0.015523978781619064,1.8575272513542984
2021-04-26,0.00549180474200316,1.8732202330636891
2021-04-27,-0.004211236111877137,1.8611204242608355
2021-04-28,0.00343866055350236,1.8709588462025613
2021-04-29,0.011161926631443699,1.9030042782057688
2021-04-30,-0.006465041403023763,1.8842362353540136
2021-05-03,-0.003213118725347165,1.8749688418978727
2021-05-04,-0.011783742411855102,1.841090949622839
2021-05-05,0.002663718477949617,1.8486588160828847
2021-05-06,0.009166819618439948,1.8747719576043953
2021-05-07,0.007249780990608846,1.8956134246949712
2021-05-10,-0.02354158813055964,1.8274460860654829
2021-05-11,-0.009465340366359066,1.8006833464933432
2021-05-12,-0.02197897459887205,1.739127198361282
2021-05-13,0.00434833995257835,1.7510378545931102
2021-05-14,0.02346821058510995,1.8155997902923109
2021-05-17,-0.0006181645056047122,1.813859286439964
2021-05-18,-0.010732893639773299,1.7836584340013157
2021-05-19,-0.003839935264423733,1.7729693658164836
2021-05-20,0.014540691471771752,1.813290257825496
2021-05-21,-0.0010887881979957162,1.810227180595239
2021-05-24,0.020585305673218878,1.86807656611898
2021-05-25,-0.0011449886617982963,1.8647926509696044
2021-05-26,0.004670552255227845,1.878172814746351
2021-05-27,-0.0010334256429280764,1.8751984371548138
2021-05-28,0.0013523600689771434,1.8790867407116072
2021-06-01,0.0031710795819102633,1.888216553889626
2021-06-02,0.0013597842527079298,1.8921439052780156
2021-06-03,-0.00843970911830676,1.8677350519891855
2021-06-04,0.016049845917135167,1.9137617577047799
2021-06-07,0.0020050832759617282,1.9196040926752906
2021-06-08,0.0017922344264988286,1.9248367076419304
2021-06-09,-0.0013088765996906672,1.9210084573173813
2021-06-10,0.00549938208100027,1.937072198886003
2021-06-11,0.0009581982629219389,1.9398864963650517
2021-06-14,0.007599127759433956,1.9622270694491646
2021-06-15,-0.003938740326016633,1.9505596262359073
2021-06-16,-0.0006235588116097147,1.948719778781788
2021-06-17,0.0077805708658281545,1.9716625019840688
2021-06-18,-0.010771787071385165,1.9396523862646768
2021-06-21,0.009938049471851052,1.96886679710942
2021-06-22,0.011194720139910274,2.0021024300357317
2021-06-23,0.006676991709129444,2.0221474430710376
2021-06-24,0.00630213950787264,2.0411934378706316
2021-06-25,-0.002079108358147108,2.034870467175213
2021-06-28,0.012389695974366332,2.072471589585097
2021-06-29,-0.0015246308002084153,2.06778720476685
2021-06-30,0.000662801630137344,2.069820539127084
2021-07-01,0.005659885363073736,2.0871953714637526
2021-07-02,0.011215283970366119,2.1218191442267185
2021-07-06,0.0002490755023566546,2.122596712898334
2021-07-07,-0.002191950580707336,2.115752135220182
2021-07-08,-0.007010141452593644,2.0939102720210676
2021-07-09,0.009843580478546155,2.1243654267771075
2021-07-12,0.010246945364862736,2.156380628605159
2021-07-13,-0.004156446714026818,2.143261300713175
2021-07-14,-0.0052423003898637525,2.126783380771003
2021-07-15,-0.008528271089501483,2.10011732446164
2021-07-16,-0.014436558155164259,2.055362300419217
2021-07-19,-0.013320574718137069,2.0146631186055037
2021-07-20,0.012042357327548991,2.0509667691019344
2021-07-21,0.012190378722407347,2.0881592094867667
2021-07-22,0.0041497771503405945,2.1009743820109086
2021-07-23,0.01087742867602809,2.1347050096774223
2021-07-26,0.005807683386719808,2.152910383884393
2021-07-27,-0.010448763788066884,2.1199663680382415
2021-07-28,0.004731845604215901,2.1347295671821445
2021-07-29,0.0037724988664695654,2.1465553309210277
2021-07-30,-0.011752733134102734,2.1095747058250245
2021-08-02,0.003711585468024559,2.1211161581149014
2021-08-03,0.007565401097313851,2.144728653722348
2021-08-04,-3.696697629528272e-05,2.1446124026127507
2021-08-05,0.005474420747217346,2.1618273339915706
2021-08-06,-0.0001812507180844582,2.1612542505168255
2021-08-09,-0.0006978479855938135,2.1590481756061526
2021-08-10,-0.0009707366704121865,2.155981571698493
2021-08-11,-0.002204031528898154,2.1490256888098482
2021-08-12,0.007651264583599859,2.173119717535485
2021-08-13,0.0009388040067594638,2.176098655040235
2021-08-16,-0.0023213765741925915,2.1687257340251
2021-08-17,-0.012503901196799727,2.1291043005270933
2021-08-18,-0.00886809962202061,2.101355091862326
2021-08-19,0.002340411646399776,2.108613539438942
2021-08-20,0.013321780670700802,2.150025807201319
2021-08-23,0.01988524234858995,2.21266483378183
2021-08-24,0.0024998977586848325,2.2206961673992067
2021-08-25,0.0038082445661640875,2.23296136607797
2021-08-26,-0.006137212866485808,2.2131199939852246
2021-08-27,0.013327665896919826,2.255943383751773
2021-08-30,0.0091356817423665,2.285688646276893
2021-08-31,-0.0028404732409733624,2.2763557355989734
2021-09-01,0.0004982153797776002,2.2779880664160714
2021-09-02,0.0009571215703805371,2.281125499501888
2021-09-03,0.00239839382412399,2.288994930636069
2021-09-07,0.00478169253431835,2.304721893141302
2021-09-08,-0.0062016785441035395,2.284227070282378
2021-09-09,-0.0031063550431214447,2.2740250949598506
2021-09-10,-0.010616194641242305,2.239267407291445
2021-09-13,0.007189457158939239,2.262555981542515
2021-09-14,-0.0031094450745314806,2.2524112429153247
2021-09-15,0.010909533470603538,2.287893532230077
2021-09-16,-0.002029249557534352,2.281221575734579
2021-09-17,-0.010369830169525052,2.24719586524563
2021-09-20,-0.02591648101786471,2.163039975242703
2021-09-21,0.0026025157684542058,2.171271836654523
2021-09-22,0.00989572210898678,2.2026538614821125
2021-09-23,0.012824741661704787,2.2437270698874823
2021-09-24,0.00578498096618958,2.2624919692462955
2021-09-27,0.0012368720917251726,2.2665272545125332
2021-09-28,-0.02332605063674991,2.1903320743674506
2021-09-29,-0.0011151595065777785,2.1867743452255795
2021-09-30,-0.008043098172452478,2.161142806313477
2021-10-01,0.012729983017441503,2.201384100553555
2021-10-04,-0.018631109501209386,2.1417387628207107
2021-10-05,0.014874942560338012,2.1884719464572564
2021-10-06,0.004830536547072284,2.2038739767239326
2021-10-07,0.009386858549265732,2.2339482885531137
2021-10-08,0.0012946374753993297,2.238135079200978
2021-10-11,-0.007358779496550372,2.2143063571730934
2021-10-12,-0.003724135957425245,2.2023358432901645
2021-10-13,0.0020775173898657136,2.20898875169279
2021-10-14,0.02046316831120123,2.2746548286274315
2021-10-15,0.011807298517621858,2.3133196557312075
2021-10-18,0.01152379924551623,2.3515016862800766
2021-10-19,0.005740644947469431,2.3707414675018557
2021-10-20,0.002192409310079857,2.3781315124770788
2021-10-21,0.007199974115919893,2.402453971927087
2021-10-22,-0.006544281127052199,2.3801873566129412
2021-10-25,0.016478925517775224,2.4358892122986915
2021-10-26,0.010011470034016668,2.4702875141878207
2021-10-27,0.0041022573929415775,2.484523526798531
2021-10-28,0.013711128231615967,2.5323002757005484
2021-10-29,0.008898348827342185,2.563731915716649
2021-11-01,0.005931387978940428,2.584869792361697
2021-11-02,0.0003642486335497907,2.5861755762850187
2021-11-03,0.009422405019904956,2.6199659750372675
2021-11-04,0.018220482528472626,2.6859235018390994
2021-11-05,0.0032154592640185834,2.697775438709552
2021-11-08,0.00012059786203001384,2.6982213825217274
2021-11-09,-0.01047402202512333,2.6594861303074127
2021-11-10,-0.013007612112883772,2.6118849541918956
2021-11-11,0.0025079545951252166,2.6209433976598246
2021-11-12,0.006561158539715796,2.644700981355208
2021-11-15,-0.002040972100663796,2.637262248337
2021-11-16,0.004538168438673706,2.653768757075582
2021-11-17,-0.00021964793949040854,2.652966214296716
2021-11-18,0.015321643839322231,2.7089356615892477
2021-11-19,0.0028633285321758017,2.7195555628930803
2021-11-22,-0.004917083971935854,2.7012661958520536
2021-11-23,0.0007849361891018695,2.7041714536346775
2021-11-24,0.005767723935028901,2.725536091987257
2021-11-26,-0.028184526608801306,2.6205336208705923
2021-11-29,0.023657179800054363,2.70618523571167
2021-11-30,-0.014142693800089003,2.653769792756589
2021-12-01,-0.015930447280655978,2.5955636056974267
2021-12-02,0.006534641894056392,2.6190593262679616
2021-12-03,-0.018601112808743926,2.5517407954785147
2021-12-06,0.010641888732133498,2.5895380258293765
2021-12-07,0.029269859905376984,2.6946033009704253
2021-12-08,0.005129609054367923,2.713555171515381
2021-12-09,-0.011818490694769168,2.6696665542763145
2021-12-10,0.006372886823804414,2.693052923907818
2021-12-13,-0.01967239279879082,2.6204017361619805
2021-12-14,-0.005178436176835421,2.6016537168367613
2021-12-15,0.022641791324365678,2.6832016087160055
2021-12-16,-0.023156205711346557,2.597912634588215
2021-12-17,-0.009602591977411524,2.5633633475878903
2021-12-20,-0.014061810285800159,2.5132560082147357
2021-12-21,0.023780571194340915,2.596803242842032
2021-12-22,0.015863730722114004,2.6538619609469047
2021-12-23,0.009859831262758557,2.689888423339253
2021-12-27,0.017492806915668978,2.7544349290690886
2021-12-28,-0.0029999616726591573,2.743171768179389
2021-12-29,-0.0032383078569080403,2.731050225632737
2021-12-30,-0.005360849274672674,2.711048627736887
2021-12-31,-0.007365377718913258,2.68371535286035
2022-01-03,0.026922523688112092,2.7828902667079953
2022-01-04,-0.007332857990963559,2.7551508695868274
2022-01-05,-0.028582834297122422,2.647818014520732
2022-01-06,-0.001344114319372191,2.642914930092951
2022-01-07,-0.008401852116894993,2.612307697575881
2022-01-10,0.004004515664254993,2.6267732403349324
2022-01-11,0.014277330925094912,2.6785538820774732
2022-01-12,0.007951018728819436,2.7078021328888426
2022-01-13,-0.026601402793344844,2.6091693948738435
2022-01-14,0.004170346849419138,2.6242208830887757
2022-01-18,-0.022777380315818607,2.5416706256861303
2022-01-19,-0.011505214074518768,2.5009229469561767
2022-01-20,-0.010981282638625724,2.4624783225796003
2022-01-21,-0.02763445198140696,2.366794631637612
2022-01-24,0.002662472361256174,2.3757586292903734
2022-01-25,-0.015557323414215653,2.3232408605261736
2022-01-26,0.006327899981574393,2.3442699963062643
2022-01-27,-0.013843913209650293,2.297972212727763
2022-01-28,0.026900222858089483,2.3866884002299265
2022-01-31,0.0342154236405815,2.502565378582436
2022-02-01,0.011117886338680827,2.541506502355314
2022-02-02,0.011690706417473717,2.5829092151499236
2022-02-03,-0.049936528572771526,2.403991166753943
2022-02-04,0.023566528357484552,2.4842114211138773
2022-02-07,-0.00826081818713258,2.455428984038525
2022-02-08,0.007743575557193584,2.4821863594589435
2022-02-09,0.01814935989579134,2.5453858129209794
2022-02-10,-0.020252338331237543,2.473583459922934
2022-02-11,-0.027639591962381128,2.377575030443388
2022-02-14,0.0013520594946513811,2.3821417128321967
2022-02-15,0.022876393638607752,2.459512917996501
2022-02-16,0.0007566220509309218,2.462130461755738
2022-02-17,-0.03222084766880477,2.3505776835379777
2022-02-18,-0.012503739952586024,2.308682931492081
2022-02-22,-0.013536980380950291,2.2638933555616876
2022-02-23,-0.02586138546381035,2.1794845513807375
2022-02-24,0.025924555495550814,2.2619112750802537
2022-02-25,0.01881797983206126,2.3232938556686875
2022-02-28,0.0062428337128671565,2.34404062658862
2022-03-01,-0.015491060999505382,2.2922378892573114
2022-03-02,0.01777538616652885,2.350758689090938
2022-03-03,-0.013853280095752462,2.304339690437685
2022-03-04,-0.00830808624901256,2.276886951293493
2022-03-07,-0.03580350770543925,2.159562904083003
2022-03-08,-0.0007115672715152233,2.157314662528164
2022-03-09,0.03181382022003948,2.2577609035799298
2022-03-10,-0.001538760617567446,2.25274798940005
2022-03-11,-0.022837119336472256,2.178464595394651
2022-03-14,-0.01868441527606858,2.119076842954016
2022-03-15,0.02666858111999139,2.202258196759822
2022-03-16,0.034090950213752226,2.311426221517141
2022-03-17,0.01663769392415504,2.3665207174431644
2022-03-18,0.02236095847016324,2.4417993473948547
2022-03-21,0.005527542101078541,2.4608240381910442
2022-03-22,0.019376611670272048,2.527883081638215
2022-03-23,-0.00785682924364143,2.500165106674252
2022-03-24,0.02348332739562746,2.5823606298130346
2022-03-25,0.003040975849281824,2.593254501971714
2022-03-28,0.012444650798849634,2.6379712994801463
2022-03-29,0.008631965944280806,2.66937414384353
2022-03-30,-0.004853281764810703,2.651565637222946
2022-03-31,-0.019427971972660798,2.5806231223666476
2022-04-01,0.0013913729145084044,2.5856051043961705
2022-04-04,0.021150201225469734,2.6614413738692204
2022-04-05,-0.01840051859626134,2.5940689537802193
2022-04-06,-0.022914920649606874,2.51171114889513
2022-04-07,0.002184788583436381,2.519383495321562
2022-04-08,-0.008839771734162729,2.4882729485779396
2022-04-11,-0.0300481943202468,2.383456645177009
2022-04-12,-0.002583417529736242,2.374715763968756
2022-04-13,0.014507442524447089,2.423674258950878
2022-04-14,-0.020914998749890605,2.352068116104888
2022-04-18,0.008816819435690106,2.381622695420719
2022-04-19,0.017671439765631746,2.441380837192939
2022-04-20,-0.01767773552638057,2.3805450169074884
2022-04-21,-0.021023660175938128,2.3094735872625645
2022-04-22,-0.025917385104210558,2.223700685809267
2022-04-25,0.007267807729426258,2.2471299225709487
2022-04-26,-0.04157704116183896,2.1121238681223775
2022-04-27,-0.003044187356552319,2.1026499799910146
2022-04-28,0.04636544771679079,2.2465057354217897
2022-04-29,-0.043672739015766224,2.1047219377255257
2022-05-02,0.020192527160630292,2.167414119779253
2022-05-03,0.0058377739366823455,2.1859047673743803
2022-05-04,0.03531884629739073,2.2984272481714005
2022-05-05,-0.05118329146694037,2.129602884945746
2022-05-06,-0.00410635104361603,2.1167516368730452
2022-05-09,-0.04907268043523453,1.9638042798007804
2022-05-10,0.009944169366236455,1.993276851527496
2022-05-11,-0.029578265376150298,1.9047409144687282
2022-05-12,-0.007245263465635722,1.8836953012439905
2022-05-13,0.03829180830619734,1.9941172089327077
2022-05-16,-0.00950563059720445,1.9656562367798607
2022-05-17,0.02744803505887601,2.047057673139568
2022-05-18,-0.04760809506744628,1.9019930617607481
2022-05-19,-0.0028673110900835027,1.8936721448714162
2022-05-20,-0.007418985700878233,1.8722040326055858
2022-05-23,0.023525567476199105,1.9397742623800598
2022-05-24,-0.026357842803474953,1.8622881544945447
2022-05-25,0.01782728922790865,1.9133149932783353
2022-05-26,0.029259418460076583,1.9985568957726811
2022-05-27,0.03260227867704717,2.0963166833176436
2022-05-31,3.015485779378534e-05,2.096410052306914
2022-06-01,-0.006060110433810051,2.0776454654415746
2022-06-02,0.02730902634609247,2.1616929665412505
2022-06-03,-0.029678833132546656,2.0678576085709266
2022-06-06,0.008171396672319321,2.0929262900247525
2022-06-07,0.009978608834332946,2.1237893916263344
2022-06-08,-0.0035369064073475956,2.112740840911887
2022-06-09,-0.027468914750330375,2.027237228113006
2022-06-10,-0.03817097960706542,1.9116846176129556
2022-06-13,-0.04982292229203686,1.7666159811707063
2022-06-14,0.0007577674578413958,1.7687124327295813
2022-06-15,0.02684239019529595,1.8430312921874759
2022-06-16,-0.03976515478860076,1.7299777127848053
2022-06-17,0.004050913926203227,1.7410366175197498
2022-06-21,0.03669934562175403,1.8416308677079902
2022-06-22,-0.005403283973979779,1.8262767291805373
2022-06-23,0.00686458092744765,1.8456779345113592
2022-06-24,0.03594864143475254,1.9479761902178954
2022-06-27,-0.004189989193816046,1.9356242018372551
2022-06-28,-0.027214868239412587,1.8557315759838238
2022-06-29,-0.0013127709856304405,1.8519826544281237
2022-06-30,-0.019474138085766327,1.79644275039758
2022-07-01,0.006168178848102813,1.8136917094205125
2022-07-05,0.015739777841416502,1.857978591841027
2022-07-06,0.005139612778629189,1.8726674951327018
2022-07-07,0.025959061892728754,1.9472392484360816
2022-07-08,0.002328910500436876,1.9541031048690645
2022-07-11,-0.026721422642559833,1.87516526727416
2022-07-12,-0.009599350665144557,1.847565547653351
2022-07-13,-0.002603086597891025,1.8401530879396386
2022-07-14,-0.004769579622673236,1.8266067516461293
2022-07-15,0.025286188993262584,1.898080864177885
2022-07-18,-0.002553853125216665,1.8906795913057737
2022-07-19,0.03347216139727314,1.9874368851337638
2022-07-20,0.014561400444970708,2.0309381499222727
2022-07-21,0.015166367094199976,2.076906470543809
2022-07-22,-0.02279920576987328,2.006755446787226
2022-07-25,-0.002108277969819383,2.00041637051813
2022-07-26,-0.023603307817918497,1.9295966193428686
2022-07-27,0.047788991936747925,2.069599088562569
2022-07-28,0.005480671551462902,2.08642255296165
2022-07-29,0.02808506186272007,2.1731049212960722
2022-08-01,-0.005229800248842487,2.156510216389075
2022-08-02,-0.002990218662504407,2.147071560631643
2022-08-03,0.02156390172973601,2.2149347025015507
2022-08-04,-0.0009247533995085039,2.2119616807062146
2022-08-05,-0.007368934454585151,2.188292945610451
2022-08-08,-0.006340093849010188,2.1680788691171435
2022-08-09,-0.005525386893172647,2.1505740076571866
2022-08-10,0.03048017591486949,2.2466040576433928
2022-08-11,-0.00382924349665671,2.2341720201694426
2022-08-12,0.02351081885775619,2.31021005269047
2022-08-15,0.004933485289379713,2.3265409252901748
2022-08-16,-0.001729701328955269,2.3207870030308766
2022-08-17,-0.009533095261059511,2.289129624189295
2022-08-18,0.003574917490740271,2.300887991212121
2022-08-19,-0.021248927482787616,2.23074766165805
2022-08-22,-0.023573038020445317,2.1545891241953203
2022-08-23,0.0028701417249039074,2.1636432420656018
2022-08-24,0.002677298216965707,2.172113258476699
2022-08-25,0.018698743389846586,2.231427790300485
2022-08-26,-0.04064427423727245,2.100088753013569
2022-08-29,-0.007422041394345391,2.0770797659625573
2022-08-30,-0.014604219855773648,2.0321414165466876
2022-08-31,-0.00532966972801765,2.0159811042278504
2022-09-01,-0.0035315409154979996,2.0053300435579007
2022-09-02,-0.012955011562020837,1.9663959580959194
2022-09-06,-0.00525261801502821,1.9508146132467181
2022-09-07,0.016227258004021274,1.998698243297909
2022-09-08,0.007768431467313797,2.0219934250921234
2022-09-09,0.021615455162184462,2.0873151884726187
2022-09-12,0.013195660891817706,2.128054352765862
2022-09-13,-0.05626683076267888,1.9520486478823242
2022-09-14,0.006950788925105189,1.9725677149303968
2022-09-15,-0.009590980528152573,1.9440578758578844
2022-09-16,-0.006612386987583541,1.9245906258688685
2022-09-19,0.009455455476022645,1.952243962317365
2022-09-20,-0.009017766345934364,1.925621316068992
2022-09-21,-0.019483442289906127,1.8686201419952422
2022-09-22,-0.009309741079090538,1.8419140312190025
2022-09-23,-0.021756969919454274,1.7800825931280957
2022-09-26,-0.00951558912629391,1.753628469434727
2022-09-27,0.0026900618987801272,1.76103590046375
2022-09-28,0.022912187196371416,1.8242972718710773
2022-09-29,-0.02916671411630927,1.7419218007629413
2022-09-30,-0.014480592464385945,1.702217148596878
2022-10-03,0.019177954003859986,1.7540401447811105
2022-10-04,0.03263375854298931,1.8439148258835965
2022-10-05,-0.000503902696432113,1.8424817695344107
2022-10-06,-0.004401706527710702,1.8299699989745526
2022-10-07,-0.04038039448781451,1.7156946940272801
2022-10-10,-0.010947458159055956,1.6859647399916464
2022-10-11,-0.015766496622617532,1.6436164859900981
2022-10-12,0.0015738074220392748,1.6477770292367748
2022-10-13,0.027626682578801125,1.7209263247629405
2022-10-14,-0.029894614951576318,1.6395852799725446
2022-10-17,0.04279648421673337,1.7525502497456116
2022-10-18,0.007344641194491397,1.7727667436998007
2022-10-19,-0.0005007159394242013,1.7713783751949248
2022-10-20,-0.0067890234116875,1.7525634225230817
2022-10-21,0.02403175919582833,1.8187123638644014
2022-10-24,0.0070451437872352755,1.8385705977626836
2022-10-25,0.021754167265058858,1.9003213373400913
2022-10-26,-0.027376493446773453,1.820920709254863
2022-10-27,-0.033600782898537254,1.7261355649292023
2022-10-28,0.022849696686557487,1.7884269357142717
2022-10-31,-0.014216784047715026,1.74878447213639
2022-11-01,-0.009212887527798887,1.7234602299564372
2022-11-02,-0.032569207254379895,1.6347592892779246
2022-11-03,-0.012575040292968954,1.6016270850529803
2022-11-04,0.015568704123829592,1.6421310473807114
2022-11-07,0.010561614158133427,1.6700362160583717
2022-11-08,0.0014766214085448202,1.6739788486965939
2022-11-09,-0.026924312860482833,1.6019838055919733
2022-11-10,0.07508982667141509,1.7973663185557034
2022-11-11,0.01723083856223111,1.8455672859901595
2022-11-14,-0.010243822206310184,1.8164178006363838
2022-11-15,0.009134313834463016,1.842143844716365
2022-11-16,-0.012997643866121346,1.8052026712064526
2022-11-17,-0.006161236744946851,1.7879191534315924
2022-11-18,-0.001339495011741465,1.7841847496324323
2022-11-21,-0.018873196129664715,1.7316382847913978
2022-11-22,0.017904155854519568,1.7805459623804758
2022-11-23,0.017455514227404902,1.8290818219867613
2022-11-25,-0.004877014074241682,1.8152843501237506
2022-11-28,-0.016607189445612517,1.7685303895779771
2022-11-29,-0.0054280323478527286,1.7535027170673345
2022-11-30,0.0510265320023233,1.8940044115782553
2022-12-01,-0.001700125957736276,1.8890842395563276
2022-12-02,-0.0025566533437328624,1.88169785267494
2022-12-05,-0.021514750592812205,1.8196988420907965
2022-12-06,-0.023905083065003097,1.7522937070523232
2022-12-07,-0.005723057952212063,1.7365421706653543
2022-12-08,0.013400837787273757,1.7732141283924752
2022-12-09,-0.0037032093821107283,1.7629443358136099
2022-12-12,0.007775119436232892,1.784426558020224
2022-12-13,0.010361655181663742,1.8132778258930964
2022-12-14,-0.0077988746383411255,1.7913374248061311
2022-12-15,-0.029150607272944197,1.7099682437693362
2022-12-16,-0.010741093420526336,1.6808602216963502
2022-12-19,-0.013958361674717536,1.643439805122549
2022-12-20,-0.0040489489327194305,1.63273665234489
2022-12-21,0.01446996047436837,1.6708322476437414
2022-12-22,-0.03176301924012157,1.5859985515746962
2022-12-23,0.005447378073437116,1.6000854633824844
2022-12-27,-0.02444288171846084,1.5365318819431368
2022-12-28,-0.007263467723168571,1.518107864489855
2022-12-29,0.029041111326537042,1.591236515314733
2022-12-30,0.002273356383311076,1.5971273193874924
2023-01-03,-0.016149148141725946,1.55518592556378
2023-01-04,0.003459996536424306,1.5640268600161509
2023-01-05,-0.01572111531170839,1.5237174980875192
2023-01-06,0.021927460293010823,1.5790562133176098
2023-01-09,0.012070557387532578,1.6101868593461326
2023-01-10,0.009844108838335263,1.6358818228779284
2023-01-11,0.022057878549016974,1.6940237839965309
2023-01-12,0.009224028495673364,1.7188735361481364
2023-01-13,0.00823132026078518,1.7412534549727452
2023-01-17,0.006671788110077362,1.7595425171803405
2023-01-18,-0.01573301714344402,1.7161265874494798
2023-01-19,-0.0027524239737226398,1.7086506555145182
2023-01-20,0.03089012497470436,1.792321212776177
2023-01-23,0.024460554149135973,1.86062293700307
2023-01-24,0.000823212747308566,1.8629778382700546
2023-01-25,-0.0030359795130626257,1.8542858962067141
2023-01-26,0.031244652098946734,1.9434670660246232
2023-01-27,0.020342814661844736,2.0033454710120058
2023-01-30,-0.02628665308647652,1.924397570516673
2023-01-31,0.02023352995135701,1.9835684563493974
2023-02-01,0.019263606468167382,2.0410427449633493
2023-02-02,0.04491465099199122,2.1776301185051055
2023-02-03,-0.011691614381847373,2.1404784925113995
2023-02-06,-0.0020563907592159093,2.134020441559883
2023-02-07,0.024264752976449304,2.210066673397476
2023-02-08,-0.013873210559950356,2.1655327425259534
2023-02-09,-0.008127048202572174,2.1398063053406244
2023-02-10,-0.00659438369384483,2.119101217838855
2023-02-13,0.012291559932725328,2.157439837394158
2023-02-14,0.011850781926093214,2.1948579683518754
2023-02-15,0.00443113897567048,2.2090148280171706
2023-02-16,-0.022325718816578535,2.1373712652886283
2023-02-17,-0.00507158587429023,2.1214598174971866
2023-02-21,-0.022797734269250275,2.0502976060457434
2023-02-22,9.27760091494422e-05,2.0505806004843503
2023-02-23,0.0182830054575412,2.106354382251675
2023-02-24,-0.014047158676667582,2.0627189293382235
2023-02-27,0.008678532842669862,2.0892988361543523
2023-02-28,-0.00014896981241080453,2.0888386238862493
2023-03-01,-0.008887559268811253,2.0613863875446667
2023-03-02,0.0015933115375093788,2.0662641297967155
2023-03-03,0.025477505575592852,2.1443848912598518
2023-03-06,-6.027549884993905e-07,2.144382995966173
2023-03-07,-0.01483669689785272,2.0977307385242607
2023-03-08,-0.00023049270246311426,2.097016734194835
2023-03-09,-0.023100085156437713,2.025475383904022
2023-03-10,-0.008583374599891936,1.9995065953412219
2023-03-13,0.005033855794941455,2.0146056789981452
2023-03-14,0.030102796537418257,2.1053537403935723
2023-03-15,-0.0027276594773287706,2.096883392833129
2023-03-16,0.02816132580732571,2.184095735045999
2023-03-17,-0.01065944267339719,2.1501550490916674
2023-03-20,0.0061222623023452615,2.1694411245952643
2023-03-21,0.02738113009537171,2.256224004357428
2023-03-22,-0.01404454526575203,2.2104918189328018
2023-03-23,0.007789721999316568,2.2355006576833687
2023-03-24,-0.0005821419141781583,2.23361713713718
2023-03-27,-0.0010699770901652526,2.2301572408820776
2023-03-28,-0.0062954875355181305,2.2098218262343408
2023-03-29,0.014980574305587123,2.2579068006099394
2023-03-30,0.00784495359401244,2.2834649282743418
2023-03-31,0.018694105640874193,2.344846368511608
2023-04-03,0.005603077758322361,2.36358780280402
2023-04-04,-0.0031573794916970217,2.3529676796569245
2023-04-05,-0.007255291633738835,2.328640921302513
2023-04-06,0.0092854516971989,2.3595488557945874
2023-04-10,-0.0026424911267262873,2.3506712777533467
2023-04-11,-0.0045985364506015754,2.335263093748614
2023-04-12,-0.008801570286443607,2.3059075412052046
2023-04-13,0.020620296340112896,2.3740763343778704
2023-04-14,0.006156577530708241,2.3948490969249954
2023-04-17,-0.0022991184395690038,2.387043936766701
2023-04-18,0.0022496421348073728,2.3946635735192947
2023-04-19,-0.003763055765114854,2.3818892651883377
2023-04-20,-0.01555515153263716,2.329283465201734
2023-04-21,0.0026825720065344343,2.338214507827302
2023-04-24,-0.00016069158854435965,2.337678084835137
2023-04-25,-0.01819228480803036,2.276958094518295
2023-04-26,0.0042471973804273705,2.2908759823531035
2023-04-27,0.037607914888547284,2.4146389662062036
2023-04-28,0.005061439776458244,2.431921955692004
2023-05-01,-0.0003227942670078537,2.4308141509598884
2023-05-02,-0.011920597198983075,2.3899167974017246
2023-05-03,-0.007943356760578902,2.3629894788912837
2023-05-04,-0.006542011489704425,2.3409887630806216
2023-05-05,0.02396055999023702,2.4210407247651227
2023-05-08,0.004731827731839834,2.4372285001383194
2023-05-09,-0.005567206647512169,2.418092738783331
2023-05-10,0.009538316959769498,2.4506955907237336
2023-05-11,0.005332176777304888,2.469095309618139
2023-05-12,-0.006807108970308384,2.4454807998171826
2023-05-15,0.0033667153496579894,2.4570807529128786
2023-05-16,0.0017071153822285855,2.4629823886437827
2023-05-17,0.01989737783607004,2.5318866576702845
2023-05-18,0.015772327254013188,2.587592729859143
2023-05-19,-0.0014702526813886287,2.582318062028337
2023-05-22,0.00513426704593536,2.600710639602268
2023-05-23,-0.009136684185523226,2.5678120836447684
2023-05-24,-0.0006473766213861527,2.5655023655123177
2023-05-25,0.02957355480576597,2.6709469451288848
2023-05-26,0.020950173817780336,2.7478539217051847
2023-05-30,0.007555131426810758,2.7761694506521555
2023-05-31,-0.0073967256630036666,2.748238161168666
2023-06-01,0.01908842566189521,2.819786126671213
2023-06-02,0.010920955270543176,2.8615018401036307
2023-06-05,0.0004757411481162156,2.8633389154224944
2023-06-06,0.0003441257326931347,2.864668389757406
2023-06-07,-0.014135365295815196,2.8100398903209953
2023-06-08,0.013436008360534846,2.86123161814132
2023-06-09,0.005128207269388863,2.881032814194266
2023-06-12,0.012051279354519686,2.927804224822179
2023-06-13,0.008735738654570304,2.962116496016543
2023-06-14,-0.002213562122910383,2.9533461050144023
2023-06-15,0.011511249999749661,2.9988540603647595
2023-06-16,-0.005342302010667777,2.977490974277706
2023-06-20,0.007394882909205491,3.0069040543049113
2023-06-21,-0.010331884402079097,2.9655051848056107
2023-06-22,0.0110120492774918,3.0091735233108396
2023-06-23,-0.008233845754100945,2.976162606918473
2023-06-26,-0.018314799640440717,2.9033399854349486
2023-06-27,0.015696919454869163,2.9646103987912906
2023-06-28,0.0011490304706501476,2.969165856943758
2023-06-29,0.001760765572628531,2.9761546275367174
2023-06-30,0.01639392982450192,3.0413394274719234
2023-07-03,0.005781694804582527,3.064705218643293
2023-07-05,0.0021980249355923907,3.073639542069703
2023-07-06,-0.010255273682362388,3.031863253682485
2023-07-07,-0.0021424349611050336,3.0232252488894016
2023-07-10,-0.006186618980419978,2.9983350872021175
2023-07-11,0.006579171403785589,3.02464081907059
2023-07-12,0.012036458642184977,3.073083241838983
2023-07-13,0.01541328881706542,3.1358628502213968
2023-07-14,0.0049214809734668295,3.1562174205476294
2023-07-17,0.010034346628385284,3.1979223468083378
2023-07-18,0.009306038555274709,3.236988374019786
2023-07-19,0.0014867555690088465,3.243287740080685
2023-07-20,-0.02384311781128049,3.1421145305867793
2023-07-21,-0.007127581471180679,3.1125912718070605
2023-07-24,0.008368555529858268,3.1470077202367888
2023-07-25,0.004782754320932059,3.16684183932969
2023-07-26,0.001721185616619614,3.1740137475702737
2023-07-27,-0.0017826336185888245,3.1665730103394027
2023-07-28,0.0185907707343528,3.2440328139225647
2023-07-31,0.003336986665495468,3.2581950948305494
2023-08-01,-0.005629850178915363,3.2342220944140614
2023-08-02,-0.021678670885688936,3.142429787172346
2023-08-03,0.0042228193014133275,3.1599225196323664
2023-08-04,0.0006722462349080371,3.1627190118836985
2023-08-07,0.007992935773148847,3.19599135758735
2023-08-08,-0.007015399004332535,3.166554803995144
2023-08-09,-0.015376428183941795,3.102488073277055
2023-08-10,0.0023505827809308434,3.1121313111010744
2023-08-11,-0.003791155915878131,3.096541580154126
2023-08-14,0.013083177433938099,3.1501373605127876
2023-08-15,-0.014772528937138108,3.0888293362615142
2023-08-16,-0.012913638590362044,3.036027671955363
2023-08-17,-0.009701838027748266,2.9968707852065424
2023-08-18,-0.002107428899553065,2.988447664206019
2023-08-21,0.021417657360684295,3.0738708696790056
2023-08-22,-0.005236810603572473,3.052536779511086
2023-08-23,0.013359419607530378,3.1066763188235242
2023-08-24,-0.01587954866713841,3.0414641523585813
2023-08-25,0.006085524192936242,3.066058580232644
2023-08-28,0.007055603588692982,3.09474707774317
2023-08-29,0.023919395357083716,3.1926909519829723
2023-08-30,0.0033374999589691817,3.2066840578631863
2023-08-31,-0.0008913049661707357,3.2029346194713018
2023-09-01,-0.0034277074896172494,3.1885281889977684
2023-09-05,0.006983197488439941,3.217777508527438
2023-09-06,-0.01140669552265593,3.169666604705359
2023-09-07,-0.003157177348462803,3.156502227750342
2023-09-08,0.0009636191844834554,3.1605075130373503
2023-09-11,0.01704808327173356,3.231436191572284
2023-09-12,-0.006495533033435051,3.203950758011053
2023-09-13,0.006750532153843315,3.2323296627761806
2023-09-14,0.011241926438489248,3.2799092015085467
2023-09-15,-0.015553384103769795,3.2133421297682254
2023-09-18,9.596897982298023e-05,3.2137464799140645
2023-09-19,-0.0025317924440664604,3.203078148415006
2023-09-20,-0.0142222744044909,3.143300817644729
2023-09-21,-0.015340366161850047,3.0797410659833657
2023-09-22,-0.002066904204732,3.071308632019867
2023-09-25,0.008590536469743726,3.1062833573028152
2023-09-26,-0.014357333963532027,3.047328075793125
2023-09-27,0.0037907354276801807,3.062670425717479
2023-09-28,0.009675315139121354,3.101978042392684
2023-09-29,-0.0024191661232211836,3.092054676074331
2023-10-02,0.013010983617594885,3.145296332427036
2023-10-03,-0.016660376857753276,3.07623413334174
2023-10-04,0.012074424492687587,3.1254523145992907
2023-10-05,-4.469883818317708e-05,3.1252679116738484
2023-10-06,0.015005452026312384,3.1871694214181563
2023-10-09,0.0055981412165818974,3.2106097871370087
2023-10-10,0.0034492213844353418,3.225133112456314
2023-10-11,0.006193132993761886,3.2512999237381033
2023-10-12,-0.0029862647832736957,3.23860441649271
2023-10-13,-0.006886712357830817,3.2094143670776933
2023-10-16,0.009098653794026733,3.2477143710793355
2023-10-17,-0.0040108909890441136,3.23067725178434
2023-10-18,-0.015844246184552976,3.1636453598796814
2023-10-19,-0.011818261116368668,3.114438311820667
2023-10-20,-0.01785748267746523,3.04096480093983
2023-10-23,0.004403300114390418,3.0587583817100557
2023-10-24,0.006933669068159554,3.0869004691564523
2023-10-25,-0.023110735877693838,2.9924491918553544
2023-10-26,-0.021712187000205444,2.9057643884129716
2023-10-27,0.00600416560737238,2.9292152446243804
2023-10-30,0.010708776725424297,2.9712923333851964
2023-10-31,0.003094481198440735,2.983581422844369
2023-11-01,0.01775231838874326,3.0542992285901853
2023-11-02,0.0189690126035436,3.1312052817558493
2023-11-03,0.006646516111725387,3.158663404221884
2023-11-06,0.00542166479891334,3.181210283211083
2023-11-07,0.007177116733102418,3.2112193174993378
2023-11-08,0.002228712967988089,3.220604916603291
2023-11-09,-0.007467016852147635,3.189089588564757
2023-11-10,0.01912000413627666,3.2691849988253487
2023-11-13,0.003076256947812028,3.2823181088394797
2023-11-14,0.01805562324150506,3.3596380312129597
2023-11-15,-0.0011276511527578918,3.3547218803614554
2023-11-16,0.002212993451921953,3.364358851367636
2023-11-17,0.0016526927190329218,3.371571795464539
2023-11-20,0.008256374217820205,3.407665128127962
2023-11-21,-0.001411424528327165,3.4014440414534697
2023-11-22,0.001254181373746466,3.4069642505878486
2023-11-24,-0.003156075183656703,3.3930555400813063
2023-11-27,-0.0005658661250546703,3.39056965876569
2023-11-28,0.0060308615602038705,3.4170485765481375
2023-11-29,-0.008042484995721943,3.3815245296458745
2023-11-30,-0.0027924231339077504,3.369289459187507
2023-12-01,-0.0015706181624172257,3.3624269738060493
2023-12-04,-0.010962023785164542,3.314605945558144
2023-12-05,0.007288357795624733,3.346052337436501
2023-12-06,-0.008696717785647123,3.308255946776164
2023-12-07,0.014573363096435445,3.371041725000911
2023-12-08,0.007435164818734086,3.4035411406558564
2023-12-11,-0.010821082961838313,3.3558900566469516
2023-12-12,0.005644126493454371,3.3804752511182468
2023-12-13,0.006474881487393979,3.4088383092276997
2023-12-14,0.0032003505702630454,3.422948137424835
2023-12-15,0.005389901148873988,3.446787390672151
2023-12-18,0.010066745456708517,3.4915520674341485
2023-12-19,0.0060809773444838065,3.5188650937977854
2023-12-20,-0.013210282627150984,3.45916960875475
2023-12-21,0.011317575851221374,3.509636599035293
2023-12-22,-0.0008818807949525277,3.5056596371263886
2023-12-26,0.00345384508473543,3.5212214875175682
2023-12-27,0.0027044478757813017,3.5334488953654226
2023-12-28,-0.002848647359986645,3.5205346981380057
2023-12-29,-0.0047649164497331475,3.4989947279932583
2024-01-02,-0.0063006681591000315,3.4706480551626324
2024-01-03,-0.0061319349660369895,3.4432343320323353
2024-01-04,-0.004565584807800383,3.4229483688685116
2024-01-05,0.002353413450668595,3.43335739505142
2024-01-08,0.016863303352749118,3.5081184456753265
2024-01-09,0.0004963278696798694,3.510355950499733
2024-01-10,0.009510551462627305,3.553251922881728
2024-01-11,-0.0013155432820611155,3.547261922903049
2024-01-12,-0.004153604424732782,3.52837439565966
2024-01-16,-0.0035205270687699635,3.5124321310222157
2024-01-17,-0.004850659222838017,3.490543860488442
2024-01-18,0.007645406667567977,3.5248758944604264
2024-01-19,0.01166497489738725,3.5776584581831
2024-01-22,-9.043791844349797e-05,3.5772444642807963
2024-01-23,0.005174802976299464,3.600930802557807
2024-01-24,0.007706649049697845,3.636388561555064
2024-01-25,-0.007870513309775087,3.5998978036720564
2024-01-26,0.002034717642197881,3.6092572968854952
2024-01-29,0.012226998209801321,3.6656146776030276
2024-01-30,-0.0008033689958632626,3.661866467424397
2024-01-31,-0.02264605267699349,3.556293593829994
2024-02-01,0.009075803185024722,3.597645617740784
2024-02-02,0.03559317876979553,3.761290440133199
2024-02-05,-0.004429189122006216,3.7402017843090487
2024-02-06,0.0026119169069512282,3.7525827974918453
2024-02-07,0.013210714354918596,3.8153678112776097
2024-02-08,0.0012657729393907747,3.821462973546338
2024-02-09,0.009732879098824499,3.868389689747324
2024-02-12,-0.005126883493545587,3.8434300230068104
2024-02-13,-0.013154376140501469,3.779717722673981
2024-02-14,0.010829580440373944,3.83148006023396
2024-02-15,0.0088862027383688,3.8744135715755847
2024-02-16,-0.006067128668035349,3.844839877255618
2024-02-20,-0.010160657599654566,3.7956131181376707
2024-02-21,0.002040768303177998,3.805399853383471
2024-02-22,0.03171756536267428,3.9578154373269463
2024-02-23,-0.004244591493951023,3.9367715360930893
2024-02-26,-0.002580286480489936,3.924033251241241
2024-02-27,-0.000585986313780418,3.921147835147414
2024-02-28,-0.0055702865379012815,3.8937356316102703
2024-02-29,0.007899320999098524,3.9323928202490857
2024-03-01,0.006606426832883694,3.9649783125271014
2024-03-04,-0.012391952818033148,3.903452535535708
2024-03-05,-0.012516475573985554,3.8420785916464775
2024-03-06,0.001495063303342592,3.849317805660749
2024-03-07,0.015766975958964747,3.9257768829199815
2024-03-08,-0.00731595260685536,3.8897401326925953
2024-03-11,-0.0012696663750632166,3.8835317940633187
2024-03-12,0.016126814004343924,3.962287602990478
2024-03-13,-0.004496132672229491,3.9399764995696733
2024-03-14,-0.0007790963876360356,3.936127781723852
2024-03-15,-0.005655829164734472,3.908209886255122
2024-03-18,0.016507922967181534,3.9892342369641804
2024-03-19,0.004779879630813966,4.013082176066805
2024-03-20,0.01171915254545386,4.071831250811028
2024-03-21,-0.0025568938518833913,4.058863116668039
2024-03-22,0.00370919277097107,4.077627415169717
2024-03-25,-0.00242199375455402,4.065329433282224
2024-03-26,-0.001365120688305299,4.058414647279768
2024-03-27,0.004503374476840594,4.081194582695605
2024-03-28,-0.0028644383278998544,4.066639814181414
2024-04-01,0.0032451733867791322,4.083081938866791
2024-04-02,-0.01140280234714084,4.025120560203572
2024-04-03,0.0039026137411425914,4.044731664752721
2024-04-04,-0.007604785456348319,4.006367562757429
2024-04-05,0.010813751915510384,4.060505179578946
2024-04-08,0.0029955617422470883,4.075664235291336
2024-04-09,0.0029402075506042348,4.090587741600272
2024-04-10,-0.004432827894209857,4.068022042261384
2024-04-11,0.0133886160124446,4.135875843327827
2024-04-12,-0.01821624313371738,4.042319480261181
2024-04-15,-0.016719045036648273,3.958016713781526
2024-04-16,-5.633330355971945e-05,3.9577374123209346
2024-04-17,-0.006231948012292998,3.9268410505087505
2024-04-18,-0.000929241098914191,3.9222628273168
2024-04-19,-0.017073723476386138,3.838221472925098
2024-04-22,0.005506173821596372,3.864861561342404
2024-04-23,0.014148908798844907,3.933694043892844
2024-04-24,0.009483957529032673,3.9804849886663654
2024-04-25,-0.005714982882237584,3.9520216022108956
2024-04-26,0.018211445858544405,4.042205075509902
2024-04-29,0.011816851523219662,4.101788064236828
2024-04-30,-0.02105312359428939,3.99437948956858
2024-05-01,-0.001549408052211665,3.9866411577716416
2024-05-02,0.013645277225926955,4.0546852587956534
2024-05-03,0.014911571164974213,4.130058557748731
2024-05-06,0.013233267292298612,4.197945993868563
2024-05-07,-0.002959492086101101,4.182562713835728
2024-05-08,0.00048733955610567035,4.185088381648178
2024-05-09,0.003432765287742323,4.202887573058576
2024-05-10,-0.0011578843282233906,4.1968632310762235
2024-05-13,0.001942472884211377,4.206957996985545
2024-05-14,0.009877288921644946,4.258388625524641
2024-05-15,0.009084418238022198,4.306158027056966
2024-05-16,-0.0019570087403787298,4.2957738294201855
2024-05-17,0.004011831658874932,4.317019582527294
2024-05-20,-0.004597971239577748,4.292572079406562
2024-05-21,0.010814739595637158,4.349809868236483
2024-05-22,-0.0075412173858495305,4.309465789047149
2024-05-23,-0.0035821986480584996,4.290446227875711
2024-05-24,0.01164138189987294,4.352034332835155
2024-05-28,0.00735267604425437,4.3913861074622185
2024-05-29,-0.006660198484451863,4.355478405880204
2024-05-30,-0.010023758359463264,4.301796384440338
2024-05-31,0.005377262473117039,4.330305535178496
2024-06-03,0.005798790043233948,4.361214857843284
2024-06-04,0.0007279612757719932,4.365117614650887
2024-06-05,0.012756409206366271,4.433557250383658
2024-06-06,0.002790379422053013,4.448718936723675
2024-06-07,-0.0028568740928342495,4.433152632754213
2024-06-10,0.0025851540303383994,4.447198169180221
2024-06-11,0.004665037271894922,4.472609551666844
2024-06-12,0.009782109675001238,4.526143218509708
2024-06-13,0.004230718985970361,4.549522777543448
2024-06-14,-0.0011555431833922382,4.543110064326777
2024-06-17,0.007617190987555656,4.5853329923517965
2024-06-18,-0.0024118990579192535,4.571861732969378
2024-06-20,-0.000954844365738939,4.566541472186976
2024-06-21,-0.0029126005021681274,4.550328360699744
2024-06-24,-0.0025087016625186306,4.536404242713733
2024-06-25,0.014745254319965062,4.618039931290681
2024-06-26,0.011258435339422546,4.68129027059141
2024-06-27,0.005261794706118472,4.71118405366113
2024-06-28,-0.003659827321968889,4.690282106220748
2024-07-01,0.012933650940071484,4.763878228733142
2024-07-02,0.01636521399844794,4.8582053294073555
2024-07-03,0.009984570301953688,4.916696992362103
2024-07-05,0.010552907318822313,4.979135347356055
2024-07-08,-0.0009120951849318717,4.973681806795676
2024-07-09,0.005920108726184981,5.00904665258754
2024-07-10,0.011414230619367837,5.077635296882715
2024-07-11,-0.026524994029466276,4.916426056919627
2024-07-12,0.0024589342459540578,4.9309741595646415
2024-07-15,0.007214690170681448,4.973764300536219
2024-07-16,0.0055260764735362905,5.006775778895864
2024-07-17,-0.016172017527821936,4.909634095713863
2024-07-18,-0.004656741877595938,4.882114455139083
2024-07-19,-0.00969089178827123,4.825111520468105
2024-07-22,0.013593096767351178,4.90429282504644
2024-07-23,-0.001738952161631291,4.894025542275421
2024-07-24,-0.037747885614837696,4.6715385402946765
2024-07-25,-0.005895544398445162,4.638101733022876
2024-07-26,0.009784607442241078,4.693268345199924
2024-07-29,0.00444376042187088,4.718567865743414
2024-07-30,-0.007138885156003196,4.677743666493061
2024-07-31,0.022838074253772857,4.8074123979423184
2024-08-01,-0.016631463810139403,4.710826628815386
2024-08-02,-0.021830853868992653,4.586154407210566
2024-08-05,-0.037062168796330196,4.3791194096481645
2024-08-06,0.010620631935829693,4.436249057036916
2024-08-07,-0.007748572541853304,4.394125886862883
2024-08-08,0.02435799928712881,4.525516001369772
2024-08-09,0.006217337320468353,4.559869998219934
2024-08-12,0.003934789561086328,4.581746916649927
2024-08-13,0.02237852975748983,4.706658206122955
2024-08-14,-0.0002866743111465172,4.705022253812767
2024-08-15,0.021141026542495736,4.825632280706152
2024-08-16,0.0015340705047662165,4.8345692113595975
2024-08-19,0.012536178562219436,4.907712412826829
2024-08-20,-0.005039098481324877,4.8779428681792485
2024-08-21,0.0022082113219530908,4.890922608170555
2024-08-22,-0.014421420105508332,4.80596713842909
2024-08-23,0.014513489781028923,4.89023198316167
2024-08-26,-0.0049824481694857314,4.8608842075993195
2024-08-27,-0.003049533769875168,4.8430112432869175
2024-08-28,-0.008385970627319916,4.7940119226256135
2024-08-29,-0.001349759280496033,4.786191401261744
2024-08-30,0.012003990054117465,4.8556487852937105
2024-09-03,-0.025167161629357483,4.708278725869473
2024-09-04,-0.0012541353258006985,4.701119771869844
2024-09-05,0.00735926242551217,4.7430758083903095
2024-09-06,-0.028364564231924495,4.580175965734411
2024-09-09,0.012805627940073951,4.651633622991748
2024-09-10,0.0021667071679906907,4.663879058073542
2024-09-11,0.016424250276797656,4.756904025260855
2024-09-12,0.010854395551668061,4.819391738704026
2024-09-13,0.0020534996753495687,4.831341857750187
2024-09-16,-0.0021886183922054207,4.818579275709078
2024-09-17,0.0030810004485187113,4.836506321067279
2024-09-18,-0.0010485564936011942,4.83038641446438
2024-09-19,0.026143173477605766,4.982811217939199
2024-09-20,-0.00347369756760838,4.962028741163984
2024-09-23,0.0063673199466247506,4.9999908856899475
2024-09-24,0.005308551907754434,5.031842148752687
2024-09-25,0.000749881251291418,5.036365314090785
2024-09-26,-0.0025356712035797483,5.021059076389558
2024-09-27,0.002923796255505107,5.038663426371281
2024-09-30,0.006350077992992986,5.077009410102173
2024-10-01,-0.009171881202802434,5.021271801724404
2024-10-02,-0.0010214375050253913,5.015121448878171
2024-10-03,-0.00044634061587596225,5.01243665586611
2024-10-04,0.01659204167452312,5.112195255425671
2024-10-07,-0.013650957638405271,5.028757936916193
2024-10-08,0.008901656153795347,5.082423867105086
2024-10-09,0.0031131068082231204,5.10135910225627
2024-10-10,0.0015648644992594999,5.110906902512624
2024-10-11,-0.0015183139109612206,5.10162862755395
2024-10-14,0.007075895445931702,5.144803113772426
2024-10-15,-0.014518950532726328,5.055587021330221
2024-10-16,0.0037219114957867225,5.078125380278647
2024-10-17,-0.0008244824552753551,5.073114072541643
2024-10-18,0.004041472403750635,5.097658395470651
2024-10-21,0.003623589912625425,5.119753808923114
2024-10-22,0.004250000145889055,5.145762763503841
2024-10-23,-0.016427802837136962,5.044801384541182
2024-10-24,0.023528212108443348,5.187024753670078
2024-10-25,0.008024946661032595,5.236675297308769
2024-10-28,0.00038701823885994857,5.239089004398674
2024-10-29,0.003372761018200222,5.260131960581791
2024-10-30,0.0003804603259432659,5.262513692427961
2024-10-31,-0.025641752228046027,5.101931868001978
2024-11-01,0.006953088490243864,5.144359140241635
2024-11-04,-0.006239091450605184,5.106023921660306
2024-11-05,0.014786248783389057,5.196309110443299
2024-11-06,0.04683440807015528,5.486509579850622
2024-11-07,0.013072499289872431,5.57130447172697
2024-11-08,0.00586491929710149,5.60984464213033
2024-11-11,0.006489313226836014,5.652737994393838
2024-11-12,-0.0025498744063005897,5.635774348050109
2024-11-13,0.0003987797864156706,5.638420560727327
2024-11-14,-0.008958927791949256,5.578947430271179
2024-11-15,-0.01411015620149152,5.486117454388652
2024-11-18,0.007381124934586859,5.533992297659899
2024-11-19,0.0075649310870784196,5.583421499115198
2024-11-20,0.001145367292302679,5.590961934771727
2024-11-21,-0.005708216377035502,5.553339297915246
2024-11-22,-0.0005460859858053556,5.549760611164427
2024-11-25,0.00035032800749826764,5.552055175748927
2024-11-26,0.007606619845473795,5.601894168677418
2024-11-27,-0.005740656882417528,5.5639949594810085
2024-11-29,0.00927392441169479,5.624868952573982
2024-12-02,0.010784028951240279,5.696311731156712
2024-12-03,0.004362182558285887,5.725522265395208
2024-12-04,0.008381279256174923,5.781890745645106
2024-12-05,-0.00022177142685988506,5.780386716057637
2024-12-06,0.004882512363633051,5.813492038029002
2024-12-09,-0.0014285143135297502,5.803758867127557
2024-12-10,0.006271994066966236,5.846432002375249
2024-12-11,0.013839524309179752,5.941183364503268
2024-12-12,-0.009121737201206369,5.877867713986884
2024-12-13,-0.0024033764191433438,5.861337608909101
2024-12-16,0.006809091741271446,5.908057086155999
2024-12-17,-0.001675977439458376,5.896479338329112
2024-12-18,-0.028995240722758032,5.696514259774732
2024-12-19,0.00030968860918538857,5.698588093962232
2024-12-20,0.006487539029735468,5.742045445665933
2024-12-23,0.012172185511368906,5.824110873556659
2024-12-24,0.015377425950356006,5.929048133191796
2024-12-26,-0.002362171055006734,5.9126805362528225
2024-12-27,-0.014627709726194272,5.811563851938603
2024-12-30,-0.010786186198370584,5.738093055929503
2024-12-31,-0.008422388912857705,5.681342215681439
